Local Time,Unix Time,PM1.0,PM2.5,PM10,
Wed Feb  8 15:56:01 2023,1675900561.4234633,3,3,3,
Wed Feb  8 15:56:02 2023,1675900562.425439,2,3,3,
Wed Feb  8 15:56:03 2023,1675900563.4273767,2,3,3,
Wed Feb  8 15:56:04 2023,1675900564.4292974,2,3,3,
Wed Feb  8 15:56:05 2023,1675900565.4315255,2,3,3,
Wed Feb  8 15:56:06 2023,1675900566.4350722,2,3,3,
Wed Feb  8 15:56:07 2023,1675900567.4385629,2,3,3,
Wed Feb  8 15:56:08 2023,1675900568.4420884,3,3,3,
Wed Feb  8 15:56:09 2023,1675900569.445496,3,3,3,
Wed Feb  8 15:56:10 2023,1675900570.4477756,3,3,3,
Wed Feb  8 15:56:11 2023,1675900571.4500613,3,3,3,
Wed Feb  8 15:56:12 2023,1675900572.4522893,3,3,3,
Wed Feb  8 15:56:13 2023,1675900573.4545343,3,3,3,
Wed Feb  8 15:56:14 2023,1675900574.4568367,3,3,3,
Wed Feb  8 15:56:15 2023,1675900575.459098,3,3,3,
Wed Feb  8 15:56:16 2023,1675900576.4614086,3,3,3,
Wed Feb  8 15:56:17 2023,1675900577.4636972,3,3,3,
Wed Feb  8 15:56:18 2023,1675900578.466535,3,3,3,
Wed Feb  8 15:56:19 2023,1675900579.4685028,3,3,3,
Wed Feb  8 15:56:20 2023,1675900580.4700923,3,3,3,
Wed Feb  8 15:56:21 2023,1675900581.4716198,3,3,3,
Wed Feb  8 15:56:22 2023,1675900582.4731698,3,3,3,
Wed Feb  8 15:56:23 2023,1675900583.474688,2,2,2,
Wed Feb  8 15:56:24 2023,1675900584.4765067,2,2,2,
Wed Feb  8 15:56:25 2023,1675900585.478678,2,2,2,
Wed Feb  8 15:56:26 2023,1675900586.4808993,2,2,2,
Wed Feb  8 15:56:27 2023,1675900587.483097,2,2,2,
Wed Feb  8 15:56:28 2023,1675900588.4852693,2,2,2,
Wed Feb  8 15:56:29 2023,1675900589.4874568,2,2,2,
Wed Feb  8 15:56:30 2023,1675900590.4897254,2,2,2,
